"planning_unit","number"
54099,135
48227,0
28089,241
27135,57
13123,43
26091,0
53059,39
40047,0
21233,175
51117,229
29029,114
5057,180
29143,139
30001,123
31031,0
25011,13
28155,229
22041,250
20085,0
50019,116
50025,100
44003,0
21115,97
39107,0
19029,0
12015,70
42129,47
31023,1
34021,0
12057,0
48453,0
20173,0
19093,0
53021,25
51159,15
33001,149
29013,215
51103,10
30057,129
51810,0
41067,0
47101,17
45025,54
31037,1
27019,0
21019,103
13177,1
48505,0
39175,0
1067,44
6079,0
19189,0
48249,0
8049,112
48205,16
31135,0
39031,63
51570,59
48441,2
39053,160
37047,160
55029,85
55071,84
34001,0
42005,47
39103,0
37055,147
36005,0
25023,0
21181,0
27055,153
20197,0
54059,220
36093,129
36071,40
37043,207
48319,42
48299,40
8071,19
48339,2
48061,0
19005,146
30079,32
35061,110
31107,0
53067,124
46091,0
46051,0
13111,178
29510,0
6021,148
19167,0
51033,112
48001,21
21011,17
48365,27
55078,175
31125,1
29155,136
21187,15
21179,0
21163,44
40025,8
23025,142
22011,44
21207,0
21169,0
21045,0
20069,0
18093,57
1039,173
40119,14
12073,237
30019,31
16027,69
39149,0
1031,99
37171,236
37175,234
13009,12
48219,0
48351,40
1021,202
47063,67
12045,154
5111,140
22089,11
47047,117
27127,0
27119,3
54041,239
51069,205
55011,228
51650,0
49045,122
49019,200
38041,0
45043,34
17077,240
18063,6
25021,0
21079,0
55133,0
55107,236
56015,0
47119,12
20155,0
16025,79
1055,58
18009,0
47039,118
45011,13
21033,179
37181,237
46053,1
46031,0
47151,61
55057,216
42071,0
16063,62
53053,65
38027,0
5075,137
51149,75
47053,101
47045,132
51025,173
48031,29
18175,56
28065,128
23003,115
37123,187
48479,18
13127,2
39153,0
42121,60
55109,37
54039,224
40051,0
46111,0
19183,72
19077,0
46123,1
42039,7
22001,45
51041,59
42119,48
22005,40
18001,0
45091,63
55019,222
21069,17
56035,191
45017,32
48341,0
26073,0
29137,65
28147,61
48409,0
13117,1
48483,0
29069,134
13207,3
13191,0
6087,0
5131,171
26041,139
13153,1
33017,177
51177,186
51091,249
27013,0
27011,0
28075,207
1007,202
31063,0
30091,31
31115,0
31081,8
31079,8
18041,0
20163,0
51131,7
27029,55
37019,166
55021,184
28067,193
53057,188
21155,0
8005,0
1101,168
17071,37
5139,152
51683,22
39089,50
8033,177
37009,241
1111,52
47113,88
17047,156
51187,191
28033,162
13083,14
12039,227
29063,0
1127,81
1073,57
22071,11
46037,0
6093,249
18183,0
51165,226
54065,45
54069,2
40061,211
51047,177
48459,21
20019,6
30063,196
29159,185
51199,7
37127,240
53045,178
29129,38
30071,34
36025,53
29185,156
51107,0
48281,23
28049,239
26121,3
20103,0
50001,142
42125,0
48343,76
42115,34
42103,38
51185,241
29065,168
8077,211
5109,214
29015,185
31123,0
5043,168
35051,109
51105,76
20067,0
48379,21
48059,23
19141,0
36051,29
31049,0
48393,0
12061,19
37089,233
48175,0
19017,4
39083,0
13187,160
1051,164
46127,0
47021,8
41031,164
27125,3
17015,21
38069,1
39045,50
44005,0
48035,2
44001,0
8039,18
13035,0
19069,2
18121,3
29217,232
34019,0
13255,1
39165,0
19079,0
47033,88
31169,14
27147,0
53075,24
29033,195
30069,35
17111,0
53035,147
31027,0
46023,1
20203,2
13313,14
30105,35
22065,250
20117,4
46102,0
41059,47
13125,7
40105,26
48285,0
39035,0
39159,0
16007,75
16021,75
8009,8
39171,0
6081,0
53043,57
13317,14
30081,119
37117,205
48429,24
13267,0
39147,0
27151,1
26029,68
8051,98
46089,0
21165,11
23007,145
47015,0
30107,50
17095,1
20003,3
13157,0
39173,0
10001,0
13005,0
39077,0
47001,49
30023,124
51059,0
30043,128
27041,1
24011,1
48193,2
5011,153
5117,212
37157,199
16029,75
49051,106
29049,0
8119,83
41015,244
48487,0
8061,2
48475,4
29187,167
8041,18
51800,37
5089,165
36087,0
48183,20
51175,151
5115,194
13021,1
5017,249
18097,0
46093,18
50023,107
51730,50
6063,216
37021,233
37041,127
38059,0
55043,141
56039,181
29171,42
22121,250
47167,139
16047,62
18133,6
49037,177
8021,69
13131,6
6033,150
54043,218
30111,42
51021,237
54013,219
54009,0
40099,0
18095,0
45079,44
8035,8
46019,19
25009,0
22063,40
22029,250
47051,0
30061,201
26061,129
46049,0
13217,0
23013,116
23009,119
21073,0
28057,100
28001,250
21149,136
20119,0
20083,0
12077,192
22123,235
20053,0
18103,0
55099,218
53011,31
55075,140
27103,0
45087,67
45065,38
48043,23
45053,12
21239,0
19117,7
18105,56
12009,20
20093,0
49039,178
26083,130
32009,112
49021,107
39049,0
18145,0
51109,202
47137,10
27015,0
47005,115
26005,3
21049,0
30103,42
38079,1
28063,250
54021,246
54053,167
5125,215
51680,232
34033,0
21133,105
24043,6
48069,0
31175,0
30041,41
21215,0
21191,12
21147,16
13205,1
35001,110
48455,20
50027,129
46115,2
40053,0
54067,249
39105,168
51031,232
26023,69
20031,0
47049,21
6005,66
38025,0
31093,0
21009,0
18177,0
13087,6
31065,6
20137,0
20131,1
29199,48
37103,192
45033,91
13055,7
21223,9
21203,8
18101,61
12113,165
19139,11
22057,16
50007,137
22101,250
29057,25
53001,27
47109,115
26133,34
38065,0
13057,16
21185,9
21005,0
13275,9
13007,1
12133,112
12089,13
17021,6
31147,1
19135,7
20175,3
19171,9
47077,120
48025,0
42027,206
27053,0
28133,235
36035,131
48051,1
40073,0
48411,23
29157,184
48033,0
48261,0
30047,222
34031,0
27087,3
32027,111
30035,122
42075,0
48425,2
39137,0
39121,61
20049,6
19115,77
41071,0
48501,4
39025,1
12049,16
48451,2
5073,161
48269,0
35037,16
51640,0
13237,2
16057,30
42081,158
46059,2
42017,0
49007,193
51147,230
31091,0
12001,227
27129,1
53025,57
51099,86
27117,0
56027,13
38033,1
26125,0
48171,42
48395,25
40091,209
40143,15
48423,19
29203,172
38093,0
26113,42
39065,0
8121,0
17045,23
16087,81
17019,0
20201,6
39097,0
29205,65
42003,0
27097,117
55049,68
31177,0
19091,0
17143,1
36017,60
40137,0
49023,130
19133,0
20077,0
48465,22
42105,177
6101,139
19003,0
40153,0
40139,3
48233,0
19119,0
26101,76
13253,5
29061,127
48015,0
20097,0
48279,0
29121,85
4001,161
55091,220
30075,35
31083,33
19087,72
36067,46
48283,14
38075,1
51115,7
48125,0
12063,112
5035,142
22125,250
28081,100
18071,58
18029,2
1035,202
46045,0
28099,217
28037,243
28025,206
28079,232
20179,1
28157,250
26027,86
6025,0
19179,54
26045,0
21047,169
18125,108
18067,0
17101,159
37053,32
4023,3
6059,0
35049,120
35005,59
54081,243
51630,98
36033,239
55069,214
46057,37
17081,215
21093,0
28119,248
26111,1
54091,224
30021,31
20079,0
21075,139
55139,28
17107,3
21111,0
20047,0
29091,147
39167,84
40077,215
48301,4
48141,23
17195,3
39141,59
17117,15
31069,0
30099,92
48263,0
47139,178
47155,167
27091,0
31033,0
45039,54
20125,7
20055,0
8075,0
48217,2
48105,22
28141,113
48307,23
26097,146
48267,42
8019,112
21041,9
1059,115
29197,42
22091,64
22095,30
22073,235
18033,0
48113,0
5025,227
29133,135
53071,40
29031,154
49055,158
21205,21
19073,0
19033,0
24017,14
31035,14
40013,87
29035,170
51195,129
39013,40
47091,237
13067,0
36013,110
55141,225
16073,120
8063,2
8057,112
5039,226
13195,7
17097,0
51065,206
39019,2
1113,9
26039,62
42079,6
42055,5
42041,0
56033,50
5087,164
51011,234
47117,5
1075,156
35025,6
55103,185
40129,0
13103,5
48427,0
20041,0
40023,206
51690,231
36021,29
34041,1
51135,113
12083,230
5007,80
36061,0
13175,1
5053,227
12097,45
51125,244
39029,0
50013,209
21213,15
28043,236
21027,89
1103,62
42095,1
6099,0
36121,10
36015,24
31159,1
42077,0
29077,25
47183,196
21219,156
47007,2
30095,84
45027,34
46069,0
46065,0
22003,63
26055,59
18027,101
56019,123
45061,44
26077,70
17165,221
16083,79
18079,34
19143,0
39075,0
29141,114
36047,0
18021,35
49049,96
49047,204
47037,0
45005,11
42001,0
31185,6
21211,0
47103,0
13201,1
21139,197
18113,0
18181,0
26115,0
13271,0
20185,0
13027,2
4012,1
18153,51
12079,216
31059,14
48493,0
13219,1
27069,1
46047,13
17043,0
19019,9
30055,32
32017,115
34003,0
39061,0
37183,209
12019,222
50003,96
36063,0
42045,0
38095,0
51163,249
36117,46
6107,37
39055,0
16005,75
19047,0
5119,200
29215,172
54097,247
13241,217
20095,0
48013,0
23005,160
48109,23
46107,0
30025,11
19041,0
36037,9
12125,180
13051,0
29113,36
29099,163
17003,137
12123,221
19193,0
21123,0
45057,59
21173,0
26051,13
26031,89
12121,212
36081,0
42093,19
56029,169
56001,131
29027,97
48017,0
21153,43
20169,0
19063,0
22015,118
39011,0
48463,32
48421,0
8125,0
5099,184
37111,241
37059,170
5061,189
42123,81
37191,212
37023,247
40043,0
6047,0
37197,236
51193,15
29135,110
48297,0
53015,69
30085,31
19023,2
40007,3
31019,0
19095,15
13295,14
22013,182
20081,0
20025,0
28093,201
1079,80
13149,17
48363,23
21085,74
13165,8
17133,209
48197,0
13301,7
27149,1
48321,0
48387,207
37199,233
45021,71
48121,0
30067,100
54003,6
53027,184
48293,8
48135,0
46095,1
46017,1
13133,2
41055,26
13209,0
29115,174
34013,0
37119,0
54089,244
40079,216
51139,217
54071,249
40087,0
8047,20
48415,0
51830,0
13269,3
29213,126
47121,7
21125,14
36099,31
23015,123
19071,0
26047,89
20141,0
19111,72
26011,12
13155,0
22109,16
22069,204
20205,6
55009,83
53055,188
53039,45
48021,0
27115,208
6007,207
47157,98
26017,2
38073,0
29147,0
5029,202
13221,7
48447,0
39113,0
31029,0
51790,245
48039,0
20135,1
29211,44
34027,0
51720,129
16061,33
42091,0
45051,32
4025,23
4015,28
55077,198
12115,75
31053,0
45001,55
48085,0
17119,15
51023,249
50005,115
35039,158
26145,2
40107,44
17153,137
23021,140
39143,14
48199,26
13239,1
48071,0
48195,0
28107,236
21057,0
21037,2
28059,151
1015,59
20159,0
13173,1
12003,177
5077,247
13017,0
35031,159
12021,0
36083,43
26117,0
18075,0
13213,14
49001,131
48241,34
37065,244
21199,12
55031,250
6057,167
34011,0
54049,223
54083,248
39081,2
39009,76
48291,111
36007,48
40117,14
36095,54
48315,40
27017,226
47011,20
28047,114
12059,92
12023,177
20143,0
19163,10
19057,83
18011,0
28027,248
29047,0
46011,0
48117,7
17197,0
26043,128
29053,195
28083,235
5145,207
19035,0
13161,0
20193,1
20153,1
48443,23
48399,2
51520,192
1041,173
42087,61
48161,15
47057,66
27043,0
37133,185
22045,250
20087,0
19145,0
54085,148
40067,0
48063,21
47189,0
1089,60
17187,37
56045,29
48355,0
35029,127
13243,1
51007,113
51051,194
17121,155
54025,250
39039,0
1129,202
19173,0
46105,0
41065,26
41053,15
30077,163
37121,233
30045,38
33011,123
34015,0
5147,207
28103,208
18085,0
17013,23
6001,0
12091,146
38053,1
37179,58
51155,233
48389,23
51710,0
30005,35
21137,0
21099,44
18147,97
48331,2
17079,0
13287,0
26099,0
13185,2
13065,3
21157,222
20207,3
55017,237
46083,0
36055,1
12111,21
51053,121
13029,0
16043,101
45049,11
46103,19
27023,1
20037,172
24029,0
31061,21
46003,0
1069,45
21221,179
20017,0
1025,211
28053,236
27051,1
21135,54
31183,0
21167,0
21103,15
28159,219
6077,0
48313,8
13249,3
32029,111
48405,27
48023,0
48009,0
21007,157
32031,111
46117,0
48221,2
37141,178
53049,76
35057,110
55013,232
48191,0
5055,132
55055,2
45029,19
29007,65
48073,22
13121,0
48287,0
36107,43
30101,101
29229,92
19155,0
41017,165
53033,1
36123,28
19149,0
8105,69
33015,135
1123,105
48503,0
12105,37
51081,148
48101,0
28153,197
19099,7
13001,0
31167,17
30009,81
37147,192
26081,0
24037,14
28021,250
22033,40
45073,168
27031,223
21109,9
53023,35
51043,79
47147,6
51003,242
21035,149
47131,218
37129,163
26067,0
21121,45
55015,33
51001,9
45037,38
24025,0
31051,0
48373,23
19015,5
39093,0
27137,227
39027,0
22023,44
19083,2
22103,40
22051,11
38037,0
13299,5
13069,0
26069,89
26063,12
47133,3
48081,0
48095,2
21143,184
17123,1
24039,9
21131,56
37079,199
47143,7
37167,138
37015,202
13235,0
17137,11
22085,51
48151,0
55025,0
6103,245
17007,0
29189,0
17183,0
39043,14
29001,51
53005,25
45019,15
6085,0
37101,222
30037,41
35019,65
37071,46
56031,129
49009,201
31009,0
29075,0
6039,52
20109,1
1045,46
29169,136
20007,0
19105,9
55027,2
36009,171
53017,142
27079,0
54095,145
33003,177
54105,170
54017,236
40121,214
8065,91
36065,169
40083,0
48207,0
19009,0
55115,206
55101,0
48049,13
48337,0
47025,55
46035,0
27141,2
31155,0
27145,2
13093,1
29207,143
22117,48
45067,33
47071,118
47067,82
47029,188
46125,0
21225,159
21145,221
19067,0
37095,150
16079,199
16075,69
28129,221
13281,204
29095,0
23017,170
47093,49
22081,182
13315,0
28045,42
12075,233
18035,0
12047,184
37143,41
55081,215
16015,85
19051,52
20127,0
19055,8
17099,1
1061,86
21105,145
18155,8
54063,248
37113,229
40141,0
19127,7
46121,1
22017,118
21227,15
29219,48
27131,0
37177,147
8069,64
5135,140
51678,0
48243,4
17179,1
29181,136
48075,0
21025,48
37035,224
12067,214
21195,198
26107,0
37039,196
40113,15
48499,21
48335,0
48231,48
27173,1
40021,193
35027,59
30109,10
53019,94
49015,195
19161,0
26137,59
47035,26
40035,26
17167,6
48111,16
37017,163
1005,48
13105,11
6019,48
22031,131
36073,9
35045,158
31021,0
40049,0
42083,142
42067,4
13247,0
17017,9
27155,0
53003,38
56021,0
47187,3
48047,0
48349,8
13179,0
19153,5
6049,249
40009,0
8123,0
1029,38
26025,66
5097,205
28005,243
12065,221
20183,33
20105,0
13101,4
5123,247
4009,113
27035,177
21013,52
16035,31
21107,182
17139,0
16071,79
31075,0
29111,49
18025,50
12107,236
29025,127
48235,2
51171,219
54023,218
42051,56
51740,0
27163,32
47135,114
5041,248
5003,155
30083,31
40145,174
20027,23
18159,0
37105,224
37085,228
37165,120
37149,230
36105,46
40027,0
26141,90
53007,142
40127,207
6015,249
27157,113
55051,215
55005,232
38077,0
17141,3
46109,0
30017,33
28041,194
28013,234
22007,62
26049,2
48185,0
48253,0
40031,0
5009,164
34029,0
41021,26
53073,191
27113,3
36057,131
37091,183
51083,229
37097,215
21043,59
24045,9
4007,16
17201,0
51670,0
27159,48
54087,215
55037,135
21023,14
19191,94
32015,116
29167,25
49043,138
37099,238
40069,0
40109,0
13305,0
13011,18
51590,232
39127,59
17051,88
17173,0
18045,0
1077,111
12005,139
48129,0
27009,117
21161,40
49031,172
51015,245
51161,232
48467,19
28029,240
42049,0
27059,201
16031,79
8053,98
17087,187
6011,148
34035,0
8107,178
19075,3
17145,222
40045,0
1107,163
13245,12
17203,1
17149,18
39101,0
40039,0
16001,69
37081,134
51191,192
42111,106
35041,10
51173,234
23011,127
17157,211
27167,0
13071,0
31153,0
21183,123
16059,118
47031,0
28113,238
41033,248
12071,0
32019,110
5081,176
27123,0
29009,80
29085,156
42013,108
48079,0
26165,50
54007,247
32007,117
55073,213
45083,68
47171,233
31133,1
42025,6
22025,250
13107,1
19131,0
48491,0
18149,0
21235,42
28117,101
29161,154
44007,0
27101,0
27099,0
55119,218
45075,24
48097,1
6029,0
54109,242
45085,45
51049,125
20011,146
19169,5
28007,232
5005,163
6065,0
13257,129
24041,1
23019,112
22115,61
46007,0
38067,1
18141,0
51183,134
47059,176
46009,0
27003,0
47043,9
6023,250
13285,15
27075,224
17061,15
19107,20
40041,26
5045,202
5021,132
34025,0
13259,2
13231,2
46029,37
23031,220
41041,82
17073,3
22127,205
28077,176
12035,250
18053,0
13229,1
48139,0
18109,6
13321,0
56025,129
21039,149
31161,0
31121,8
31113,0
17127,185
19175,0
26057,0
46063,11
46021,0
31163,0
29227,0
28137,242
22009,247
21229,0
21015,6
29045,72
55001,216
41025,129
27037,0
37087,235
37061,181
51840,205
47079,149
48067,158
31111,0
22079,220
48229,23
5067,140
19137,0
17109,8
48179,0
29186,167
48053,23
5033,171
38031,0
30039,143
39117,0
37195,239
29107,185
55087,165
28163,244
8007,148
27021,163
30053,240
48093,6
1047,214
21029,0
22067,235
28115,100
22075,11
27111,5
51017,250
29055,166
48419,30
19197,0
41027,21
38055,0
53051,85
47125,8
40093,0
5047,171
48173,0
30089,223
40065,0
8011,16
51700,0
36079,3
55045,0
55095,230
13135,0
13169,11
13307,2
48497,0
13109,0
27081,0
17063,0
48089,0
48087,0
21065,0
21021,0
18019,24
18013,59
28031,136
31165,0
42047,140
30003,42
49053,91
38061,1
45041,32
41009,61
48295,0
29087,0
37049,177
13309,0
30007,94
21071,131
13031,5
20013,1
24035,0
6069,0
29183,0
51035,233
51013,0
51685,0
24031,0
36029,0
26019,76
18131,0
37135,216
40149,0
35009,7
8091,176
1117,65
6115,173
22093,37
5107,248
5037,141
13211,1
56005,92
21031,88
29073,96
31003,0
38007,1
37007,138
46075,1
37187,152
31097,1
13097,9
1043,64
46005,2
37161,238
42133,0
33013,139
46033,26
21141,51
26059,0
22119,130
24023,193
30027,35
28105,206
28051,236
21101,139
5013,152
8095,0
31085,0
32011,116
49017,158
20107,164
21089,60
20133,6
19103,15
48163,14
31005,0
17069,183
38017,1
38105,1
20057,0
31047,0
18083,101
1023,216
51036,73
49041,174
46071,0
48495,4
48431,0
6113,0
55121,230
46085,1
45045,73
16011,75
27077,57
39071,53
36085,0
9190,0
9180,0
9170,0
9160,4
9150,0
9140,0
9130,0
9120,0
9110,0
39157,1
12087,0
49035,0
24027,0
23027,118
22059,219
13047,14
16017,74
18061,44
13095,1
28123,221
1115,62
31067,1
22077,250
20063,1
40103,14
38019,0
5101,166
42089,6
41019,231
8089,16
37073,143
45055,52
6017,103
17089,0
29151,104
48437,0
17191,184
1087,163
39099,0
13289,2
40085,1
48239,0
51169,97
24033,0
48439,0
12033,165
28095,199
31073,0
19177,72
53065,88
53009,226
47145,60
54055,244
42029,0
51153,22
54037,6
53029,188
48187,0
39151,0
34017,0
55113,234
55041,140
53063,24
53047,158
44009,0
48347,26
55083,143
13163,7
13311,185
13225,1
48371,23
18087,0
26161,0
13039,10
36023,43
13091,1
20121,60
1001,211
36069,28
48115,0
25017,0
48201,0
39079,105
39135,0
17105,1
1011,163
48167,0
6003,115
39007,0
27065,205
26127,18
20191,0
4005,41
48471,19
47153,1
55035,222
48213,19
5143,105
53077,47
13303,15
51197,233
17125,9
47085,110
31149,0
31145,6
31117,0
35015,25
53061,124
54019,249
51071,248
54073,135
54045,224
37075,222
21217,0
21081,8
20129,3
18043,22
5093,139
39095,0
47055,49
22097,247
20065,0
26157,2
12029,245
20209,0
20145,0
51143,232
29059,92
5095,247
13167,1
13085,21
8079,97
12085,21
31119,0
39005,0
27093,2
48303,0
51077,232
18039,0
18167,37
37107,198
42131,18
47083,108
29149,151
31011,0
35033,65
51019,242
18077,29
54015,249
36049,145
13263,3
51127,104
19007,43
1003,179
35028,157
48489,0
39057,0
48377,0
37033,234
46079,0
40075,0
21171,0
21113,0
20033,0
5149,197
48145,2
12031,12
13003,1
35053,109
40125,40
47175,2
48457,34
40037,14
40123,40
42069,4
8001,0
26093,0
47107,58
42021,109
21083,209
37137,174
38001,0
13151,0
41061,50
29097,79
21197,0
21059,122
20045,0
19123,11
1071,61
55023,182
54093,244
49025,130
18135,0
53037,47
40011,0
51067,234
50015,107
31173,0
26147,1
51530,0
48469,0
42097,19
31013,0
47181,102
54001,244
46013,0
21091,103
21067,0
20189,3
30029,230
17199,222
51660,226
30013,58
20171,0
48329,0
51620,81
18059,0
17085,71
28039,179
28091,104
12007,180
20123,0
20089,33
26155,2
48485,0
41039,85
48345,0
28121,233
42113,93
16067,62
17027,217
18023,0
53013,36
45077,170
55105,0
46135,0
45013,12
26105,34
48325,51
48209,0
20015,0
29175,197
13159,1
10005,0
46027,0
13197,3
37185,246
31141,1
38051,0
17091,0
17181,142
13033,7
13023,1
31139,0
37077,237
54033,236
54047,239
29017,152
36119,0
18119,36
51087,55
47017,116
6013,0
28131,142
28127,233
13077,1
41057,11
46041,0
40071,0
39037,0
5103,152
48275,0
16085,95
13059,1
29039,25
40057,0
51600,0
31055,0
19125,7
28023,223
8083,179
6071,0
38023,1
35023,122
4003,113
47069,131
22039,243
26079,63
28161,235
22027,173
26087,2
17177,3
30093,125
56007,143
45007,56
29223,165
13261,1
48065,0
19049,5
32510,108
37067,143
39041,0
48385,46
19129,0
19021,0
48155,0
55067,174
1121,63
35021,65
48445,0
18081,1
36115,125
36053,197
8073,18
27061,201
46061,0
20177,0
26065,0
28035,193
12117,228
1133,81
1119,203
22099,250
31071,0
22083,235
38087,1
20009,0
37125,208
54027,206
48449,66
19043,94
6095,0
38039,0
5027,164
13081,0
35013,61
6109,112
6051,114
17169,10
24021,0
5059,217
37045,238
38103,0
42107,1
25005,0
16003,87
1109,162
5023,200
47111,0
46055,0
17155,1
20167,0
34023,0
41045,122
8087,0
8103,202
29041,197
25003,15
21063,48
40151,0
48369,0
55061,85
54101,249
55039,28
24003,0
45063,46
55097,215
47161,147
55007,222
54107,134
37011,244
29071,96
18163,108
38091,1
36059,0
12119,194
12101,5
37173,226
27049,12
32033,135
17039,0
17193,160
29195,195
5031,134
42085,7
29105,92
55131,0
18139,1
18055,37
12037,164
32005,116
51750,233
51061,155
28125,250
22047,250
29023,157
41069,136
51093,81
45071,59
47179,188
51037,229
27083,0
47019,230
42011,0
20061,23
21095,77
19059,0
1037,110
6027,97
20029,0
48055,0
25013,10
55117,37
56011,23
45059,62
47163,184
55089,0
54031,217
48169,0
56037,189
51550,0
6045,186
45003,38
40133,40
48375,0
39109,0
48003,6
20005,0
28135,236
13215,7
6105,249
19113,8
13043,1
1085,198
39073,72
29177,110
8045,209
36019,215
38063,0
19097,21
36045,143
29127,65
49057,48
48037,175
48317,0
51770,232
37189,242
1093,119
48165,4
19185,7
8029,212
20023,2
5105,207
17065,160
12103,0
47127,0
37163,181
28101,219
18127,0
48273,0
38043,0
33007,166
16023,105
38045,0
31179,0
38049,1
25007,0
13099,1
50021,128
34005,0
35006,159
4019,3
48323,18
39023,0
42037,19
24019,2
27007,57
55125,203
13037,1
13283,1
13139,0
38097,1
51111,229
50009,121
1099,210
48473,0
29153,163
41037,243
48137,43
55135,224
54077,224
40147,15
55065,68
41043,24
42035,209
21051,27
35043,157
37083,244
20021,104
29139,48
29003,0
28149,250
27169,212
53031,233
55129,249
24009,2
20091,0
18049,0
38083,0
40111,49
12069,197
13015,7
17129,6
40005,207
51113,178
36113,130
48159,65
41011,242
41023,128
13061,1
48251,2
29173,65
48131,0
30051,101
1009,63
17159,156
47087,3
26129,36
4013,2
4011,122
48257,19
49029,48
49027,131
17171,11
47023,115
48255,0
8055,23
51101,109
27089,1
33005,141
34009,0
37003,232
39067,2
42073,0
20099,7
5127,201
42009,106
17189,222
17163,216
35007,53
26135,62
26119,61
51141,230
31045,0
42061,126
26021,38
29051,106
54029,0
42015,25
21189,7
27025,206
21159,121
19011,9
24013,0
19165,0
27107,1
39123,14
31143,6
18065,0
1083,64
29021,0
29165,0
37193,240
29131,115
35017,127
6053,0
5065,145
55137,199
51079,188
17041,0
20001,3
13143,16
1053,166
45031,50
30031,113
47009,125
21151,0
48153,0
48481,0
22087,11
22037,54
22035,250
55085,210
5121,140
22113,44
6089,249
38029,0
17053,0
55003,222
54057,193
47173,51
1095,61
27005,5
26053,129
38047,0
36043,152
56009,129
46077,0
31025,0
13277,0
40089,207
51137,180
36039,45
48259,42
13141,12
13113,1
39169,0
19157,9
17075,0
33019,143
39021,0
17001,17
39139,0
20181,2
51075,123
19061,20
48407,23
48417,23
36011,46
29221,168
40033,0
6055,0
46129,0
16069,35
48211,0
40055,0
17175,1
48237,0
22055,44
42057,74
38011,11
47073,96
32023,115
28011,248
35055,124
37139,32
40019,0
26095,146
38089,0
19081,0
17037,1
19037,14
21117,2
12013,166
31041,0
28111,194
28109,43
8043,81
8025,18
8015,94
39119,63
12081,75
51610,0
6035,225
37005,240
26143,35
18165,2
13019,1
48007,0
45009,15
25019,0
48091,1
26075,0
20149,23
37031,175
31127,0
17103,3
16009,19
45069,96
26009,60
47099,92
8014,0
51145,116
39129,0
27139,0
55079,0
41047,4
29089,195
6043,86
13053,3
19001,0
48099,2
8023,27
13199,2
12043,7
39161,0
19181,7
48401,24
48381,0
6041,3
19065,91
19039,5
37169,230
51760,0
29209,124
26015,0
39059,61
12027,70
39033,0
54061,224
13319,20
13137,200
48143,6
39001,60
29201,139
39087,129
29163,36
38005,0
24005,0
16039,72
54035,192
54051,103
28139,142
49003,91
47075,88
27027,1
20059,0
45047,54
17059,163
17031,0
26139,3
26085,41
29079,38
28019,228
12109,226
8113,177
6075,0
8037,185
55059,0
27171,2
8085,213
11001,0
17093,0
31105,0
18051,107
48461,0
30011,11
40029,40
8031,0
46119,0
22053,45
16013,79
27165,0
40097,26
47089,68
8013,0
48029,0
27071,202
21129,2
20187,0
18107,0
20165,0
39111,100
48225,20
36001,44
48223,65
29093,169
55123,214
5079,239
5069,239
36109,44
37029,32
56043,123
42101,0
18015,0
16077,84
18017,0
5133,176
51073,7
17161,9
16081,73
10003,0
31087,0
31099,11
28097,228
1131,210
1125,158
39131,59
48403,45
19013,4
13291,183
12093,19
27033,0
49011,48
29225,92
37025,62
51029,240
20115,0
16049,96
42019,47
48359,16
48333,23
39155,0
20139,0
5051,215
45015,23
47095,143
21201,3
17023,23
47177,1
46015,1
27161,0
45035,17
42023,142
31131,0
37093,146
37153,149
36077,62
48305,0
5129,172
6061,163
26001,89
56017,172
37051,163
38009,1
29067,100
8101,18
48477,0
36027,43
29037,215
13079,1
6073,0
6031,0
39091,0
25027,3
38101,1
47141,2
39015,53
13223,7
18005,1
29081,0
28143,249
47081,15
56003,124
48103,0
48357,0
28085,238
4017,164
48083,13
51045,248
36041,133
5071,178
20035,0
8117,132
5141,199
48383,2
54011,148
8059,0
40015,0
29019,96
40131,26
26013,129
48203,34
46137,0
42099,2
22061,189
42063,53
27133,0
41003,31
28015,235
26131,129
48045,0
23029,141
46081,20
48149,0
21237,12
27067,2
26071,129
37159,175
38015,0
37013,174
18047,1
21087,0
8081,202
37131,193
1017,94
1057,155
46087,0
1097,173
34039,0
27109,105
31001,11
30033,35
17055,221
26149,97
17115,0
29005,0
22043,219
28071,238
28003,114
17135,21
26037,0
42033,196
40115,55
48271,26
13183,0
13013,0
16019,75
26033,146
6097,3
13293,2
27143,1
38003,0
38021,0
48367,0
1081,94
35047,65
31157,0
29119,80
18161,0
36103,0
17057,8
32021,111
55127,0
30073,101
55047,198
48157,0
51133,10
22049,192
13147,21
38057,0
18137,2
28073,104
29043,120
40101,212
48435,39
8099,2
18143,29
28087,201
51005,250
51027,207
40063,40
19195,0
36031,182
45089,34
51057,70
18037,57
18031,1
46073,0
46097,0
42031,47
47041,1
12017,204
8003,69
39051,0
4021,3
20113,0
50017,115
51580,0
12055,7
19025,0
13129,7
4027,1
6037,0
8093,87
17033,50
6111,0
51009,246
51157,178
27121,1
13297,0
17035,0
48311,0
18129,153
29145,79
33009,143
39069,0
48433,0
13251,9
13145,22
20071,2
40081,3
51595,0
18057,0
18091,0
38035,3
8097,98
48289,18
31057,0
12086,0
48277,105
42109,48
18157,0
12041,226
46025,2
47105,64
17049,152
21177,163
21175,31
21127,97
17131,37
26159,7
36097,77
41001,119
47097,140
17029,0
47027,3
47003,0
18089,0
42065,81
51119,10
25001,0
6009,86
27047,0
27039,0
27063,0
19045,21
21119,90
31151,12
31095,6
31077,0
18171,0
24015,0
37151,186
19159,0
19147,0
21055,183
28009,142
54005,227
6083,0
51063,231
18179,0
39125,0
6067,0
29179,172
36089,245
38081,0
27057,84
47061,1
41051,0
51820,245
5015,163
51097,109
47165,0
1013,196
13181,14
12099,0
19089,14
16037,105
48309,2
39163,87
16053,62
37115,233
39145,66
17011,3
51540,242
29109,60
5001,247
29125,153
45081,48
48005,26
48123,0
28055,250
48133,6
28151,249
20195,1
37145,231
38071,0
27001,201
27105,0
26163,0
48397,18
26151,2
13279,0
12011,0
19121,6
31007,0
48507,18
41029,244
46039,0
21193,58
47169,0
48119,76
40003,0
49013,195
30049,140
19101,83
51510,0
51089,231
47159,0
17151,197
19187,0
31103,1
19085,0
37063,202
38013,1
19109,0
16033,123
1063,197
48107,0
17147,0
40059,0
20101,0
13075,0
47149,0
21017,0
20151,0
1033,115
1105,211
1065,198
20051,0
42059,5
48181,1
30097,85
23023,124
21097,3
21077,10
21001,0
18173,114
16065,73
37027,245
51167,200
48413,39
20161,23
13045,12
16041,75
8111,135
12095,136
5091,161
37109,53
5083,195
27153,47
41049,46
26123,52
37155,144
48215,0
5049,145
26003,130
20199,2
51085,112
17083,15
34007,0
36111,46
26153,132
35059,21
30087,36
48019,49
1019,57
36075,143
41035,242
5019,222
28069,207
48027,1
8067,149
30059,58
48245,20
13265,5
12051,0
13119,21
18111,0
5085,209
5063,140
16045,80
19151,0
20075,0
47123,118
22107,250
19027,0
20111,0
24510,0
37069,242
47013,54
31017,0
30015,41
13227,22
13089,0
18117,57
19031,10
36003,214
53041,132
41007,71
55053,222
54103,181
24001,193
40095,1
48041,1
36091,129
42127,34
48353,0
29123,166
8027,24
55033,232
27085,1
17009,15
17005,21
21061,74
22021,223
55063,216
29101,185
31089,0
20147,33
32003,34
16055,23
23001,140
17113,1
13233,8
13049,13
55093,37
49005,48
27073,1
45023,63
27045,152
48127,18
38085,0
31171,0
18099,0
18003,0
18169,0
19053,0
21209,0
18069,0
17185,108
24047,9
46043,0
47129,60
18007,0
13193,1
5113,207
41005,0
8017,2
48247,0
32013,119
56041,138
39133,0
39115,64
38099,1
27095,201
31015,0
28145,100
18123,80
20039,1
34037,234
54079,207
46101,0
42043,0
30065,38
8115,0
13073,11
18115,2
56013,192
13063,0
13273,1
39017,0
48391,0
51181,74
26089,75
31043,0
42117,153
29117,173
29103,49
17025,152
37057,168
26103,130
50011,148
41013,175
46067,0
17067,70
31181,11
32001,110
13115,7
40017,0
12127,248
20157,14
26035,15
28017,231
12131,146
12129,240
12053,170
48265,42
20043,0
48147,87
47185,2
21231,10
26007,89
47115,1
48177,0
16051,75
25025,0
20073,3
37001,222
21003,0
25015,11
39047,0
48361,22
18151,0
13171,2
13025,2
18073,0
26109,137
51179,98
22105,47
42053,80
36101,152
1049,59
40135,196
22111,211
22019,39
31137,0
31101,0
51095,67
48077,0
54075,250
51735,7
48057,0
29011,178
56023,143
1091,214
35003,137
35035,61
47065,1
51121,235
51775,232
39085,0
40001,193
49033,48
37037,223
8109,95
29083,215
28061,223
42007,0
41063,45
5137,165
55111,178
13189,10
39003,0
48011,0
1027,61
48189,0
39063,0
21053,0
6091,202
48327,42
46099,0
31129,14
31109,0
35011,50
53069,72
31039,0
